﻿<?xml version="1.0" encoding="utf-8"?>
<DisplayDriverUninstaller Version="18.1.3.0">
	<LogEntries>
		<Event>
			<Time>8/14/2025 9:36:20 AM</Time>
			<Message>The following paths are detected.</Message>
			<Values Separator=" = ">
				<KvP>
					<Key>[Found] AppExeFile</Key>
					<Value>C:\Users\Proprio\Downloads\Display Driver Uninstaller\Display Driver Uninstaller.exe</Value>
				</KvP>
				<KvP>
					<Key>[Found] AppBase</Key>
					<Value>C:\Users\Proprio\Downloads\Display Driver Uninstaller\</Value>
				</KvP>
				<KvP>
					<Key>[Found] Settings</Key>
					<Value>C:\Users\Proprio\Downloads\Display Driver Uninstaller\Settings\</Value>
				</KvP>
				<KvP>
					<Key>[Found] Logs</Key>
					<Value>C:\Users\Proprio\Downloads\Display Driver Uninstaller\DDU Logs\</Value>
				</KvP>
				<KvP>
					<Key>[Found] Language</Key>
					<Value>C:\Users\Proprio\Downloads\Display Driver Uninstaller\Settings\Languages\</Value>
				</KvP>
				<KvP />
				<KvP>
					<Key>[Found] ProgramFiles</Key>
					<Value>C:\Program Files\</Value>
				</KvP>
				<KvP>
					<Key>[Found] ProgramFilesx86</Key>
					<Value>C:\Program Files (x86)\</Value>
				</KvP>
				<KvP />
				<KvP>
					<Key>[Found] Roaming</Key>
					<Value>C:\ProgramData\</Value>
				</KvP>
				<KvP>
					<Key>[Not found] AppBaseRoaming</Key>
					<Value>C:\ProgramData\DisplayDriverUninstaller\</Value>
				</KvP>
				<KvP />
				<KvP>
					<Key>[Found] SystemDrive</Key>
					<Value>C:\</Value>
				</KvP>
				<KvP>
					<Key>[Found] WinDir</Key>
					<Value>C:\WINDOWS\</Value>
				</KvP>
				<KvP>
					<Key>[Found] UserPath</Key>
					<Value>C:\Users\</Value>
				</KvP>
				<KvP>
					<Key>[Found] System32</Key>
					<Value>C:\WINDOWS\system32\</Value>
				</KvP>
				<KvP>
					<Key>[Found] SysWOW64</Key>
					<Value>C:\WINDOWS\SysWOW64\</Value>
				</KvP>
			</Values>
		</Event>
		<Event>
			<Time>8/14/2025 9:36:21 AM</Time>
			<Message>System Information</Message>
			<Values Separator=" : ">
				<KvP>
					<Key>DDU Version</Key>
					<Value>18.1.3.0</Value>
				</KvP>
				<KvP>
					<Key>OS</Key>
					<Value>Windows 11</Value>
				</KvP>
				<KvP>
					<Key>Build</Key>
					<Value>26100.4946</Value>
				</KvP>
				<KvP>
					<Key>Win 10 1809+ ?</Key>
					<Value>True</Value>
				</KvP>
				<KvP>
					<Key>NVIDIA App installed ?</Key>
					<Value>False</Value>
				</KvP>
				<KvP>
					<Key>NVIDIA Broadcast ?</Key>
					<Value>False</Value>
				</KvP>
				<KvP>
					<Key>Intel NPU Present ?</Key>
					<Value>False</Value>
				</KvP>
				<KvP>
					<Key>Architecture</Key>
					<Value>x64</Value>
				</KvP>
				<KvP>
					<Key>UserRights</Key>
					<Value>Admin</Value>
				</KvP>
				<KvP>
					<Key>Arguments</Key>
					<Value>&lt;empty&gt;</Value>
				</KvP>
				<KvP />
				<KvP>
					<Key>GPU #0000</Key>
					<Value>VMware SVGA 3D</Value>
				</KvP>
				<KvP>
					<Key>GPU DeviceID</Key>
					<Value>PCI\VEN_15AD&amp;DEV_0405&amp;SUBSYS_040515AD&amp;REV_00</Value>
				</KvP>
				<KvP>
					<Key>Vbios</Key>
					<Value>n/a</Value>
				</KvP>
				<KvP>
					<Key>Detected Driver(s) Version(s)</Key>
					<Value>9.17.9.4</Value>
				</KvP>
				<KvP>
					<Key>INF name</Key>
					<Value>oem7.inf</Value>
				</KvP>
				<KvP>
					<Key>INF section</Key>
					<Value>VM3D_SVGA2_WIN10_1709</Value>
				</KvP>
				<KvP />
			</Values>
		</Event>
		<Warning>
			<Time>8/14/2025 9:36:21 AM</Time>
			<Message>We are not in Safe Mode</Message>
		</Warning>
		<Event>
			<Time>8/14/2025 9:36:21 AM</Time>
			<Message>The following third-party driver packages are installed on this computer</Message>
			<Values Separator=" = ">
				<KvP>
					<Value>C:\WINDOWS\inf\oem0.inf</Value>
				</KvP>
				<KvP>
					<Key>Provider</Key>
					<Value>Broadcom Inc.</Value>
				</KvP>
				<KvP>
					<Key>Class</Key>
					<Value>System</Value>
				</KvP>
				<KvP />
				<KvP>
					<Value>C:\WINDOWS\inf\oem1.inf</Value>
				</KvP>
				<KvP>
					<Key>Provider</Key>
					<Value>Microsoft</Value>
				</KvP>
				<KvP>
					<Key>Class</Key>
					<Value>Printer</Value>
				</KvP>
				<KvP />
				<KvP>
					<Value>C:\WINDOWS\inf\oem2.inf</Value>
				</KvP>
				<KvP>
					<Key>Provider</Key>
					<Value>Broadcom Inc.</Value>
				</KvP>
				<KvP>
					<Key>Class</Key>
					<Value>Firmware</Value>
				</KvP>
				<KvP />
				<KvP>
					<Value>C:\WINDOWS\inf\oem3.inf</Value>
				</KvP>
				<KvP>
					<Key>Provider</Key>
					<Value>Broadcom Inc.</Value>
				</KvP>
				<KvP>
					<Key>Class</Key>
					<Value>Net</Value>
				</KvP>
				<KvP />
				<KvP>
					<Value>C:\WINDOWS\inf\oem4.inf</Value>
				</KvP>
				<KvP>
					<Key>Provider</Key>
					<Value>Broadcom Inc.</Value>
				</KvP>
				<KvP>
					<Key>Class</Key>
					<Value>SCSIAdapter</Value>
				</KvP>
				<KvP />
				<KvP>
					<Value>C:\WINDOWS\inf\oem5.inf</Value>
				</KvP>
				<KvP>
					<Key>Provider</Key>
					<Value>Broadcom Inc.</Value>
				</KvP>
				<KvP>
					<Key>Class</Key>
					<Value>Mouse</Value>
				</KvP>
				<KvP />
				<KvP>
					<Value>C:\WINDOWS\inf\oem6.inf</Value>
				</KvP>
				<KvP>
					<Key>Provider</Key>
					<Value>Broadcom Inc.</Value>
				</KvP>
				<KvP>
					<Key>Class</Key>
					<Value>Mouse</Value>
				</KvP>
				<KvP />
				<KvP>
					<Value>C:\WINDOWS\inf\oem7.inf</Value>
				</KvP>
				<KvP>
					<Key>Provider</Key>
					<Value>Broadcom Inc.</Value>
				</KvP>
				<KvP>
					<Key>Class</Key>
					<Value>Display</Value>
				</KvP>
				<KvP />
			</Values>
		</Event>
		<Event>
			<Time>8/14/2025 9:36:52 AM</Time>
			<Message>Trying to disable search for Windows Updates</Message>
			<Values Separator=" : ">
				<KvP>
					<Key>Version</Key>
					<Value>6.4</Value>
				</KvP>
			</Values>
		</Event>
		<Event>
			<Time>8/14/2025 9:37:04 AM</Time>
			<Message>Trying to impersonate the SYSTEM account... SUCCESS !</Message>
			<Values Separator=" : ">
				<KvP>
					<Key>Number of process to check</Key>
					<Value>147</Value>
				</KvP>
				<KvP>
					<Key>svchost</Key>
					<Value>Accès refusé</Value>
				</KvP>
				<KvP>
					<Key>RuntimeBroker</Key>
					<Value>Skipping : S-1-5-21-1191767761-3050481862-137025277-1001</Value>
				</KvP>
				<KvP>
					<Key>WidgetService</Key>
					<Value>Skipping : S-1-5-21-1191767761-3050481862-137025277-1001</Value>
				</KvP>
				<KvP>
					<Key>msedgewebview2</Key>
					<Value>Skipping : S-1-5-21-1191767761-3050481862-137025277-1001</Value>
				</KvP>
				<KvP>
					<Key>Memory Compression</Key>
					<Value>Accès refusé</Value>
				</KvP>
				<KvP>
					<Key>msedgewebview2</Key>
					<Value>Skipping : S-1-5-21-1191767761-3050481862-137025277-1001</Value>
				</KvP>
				<KvP>
					<Key>svchost</Key>
					<Value>Accès refusé</Value>
				</KvP>
				<KvP>
					<Key>msedge</Key>
					<Value>Skipping : S-1-5-21-1191767761-3050481862-137025277-1001</Value>
				</KvP>
				<KvP>
					<Key>lsass</Key>
					<Value>Accès refusé</Value>
				</KvP>
				<KvP>
					<Key>SecurityHealthSystray</Key>
					<Value>Skipping : S-1-5-21-1191767761-3050481862-137025277-1001</Value>
				</KvP>
				<KvP>
					<Key>Widgets</Key>
					<Value>Skipping : S-1-5-21-1191767761-3050481862-137025277-1001</Value>
				</KvP>
				<KvP>
					<Key>csrss</Key>
					<Value>Accès refusé</Value>
				</KvP>
				<KvP>
					<Key>services</Key>
					<Value>Accès refusé</Value>
				</KvP>
				<KvP>
					<Key>StartMenuExperienceHost</Key>
					<Value>Skipping : S-1-5-21-1191767761-3050481862-137025277-1001</Value>
				</KvP>
				<KvP>
					<Key>msedge</Key>
					<Value>Skipping : S-1-5-21-1191767761-3050481862-137025277-1001</Value>
				</KvP>
				<KvP>
					<Key>msedgewebview2</Key>
					<Value>Skipping : S-1-5-21-1191767761-3050481862-137025277-1001</Value>
				</KvP>
				<KvP>
					<Key>msedgewebview2</Key>
					<Value>Skipping : S-1-5-21-1191767761-3050481862-137025277-1001</Value>
				</KvP>
				<KvP>
					<Key>vm3dservice</Key>
					<Value>S-1-5-18</Value>
				</KvP>
				<KvP>
					<Key>vm3dservice</Key>
					<Value>SYSTEM account impersonalisation SUCCESS</Value>
				</KvP>
				<KvP>
					<Value>ThreadID : 1</Value>
				</KvP>
			</Values>
		</Event>
		<Event>
			<Time>8/14/2025 9:37:04 AM</Time>
			<Message>Trying to Revert impersonalisation of the SYSTEM account... Reverting the Impersonalisation is successful !</Message>
			<Values Separator=" : ">
				<KvP>
					<Value>ThreadID : 1</Value>
				</KvP>
				<KvP>
					<Value>Remaining impersonated threadIDs: </Value>
				</KvP>
			</Values>
		</Event>
		<Event>
			<Time>8/14/2025 9:37:06 AM</Time>
			<Message>&gt;&gt; Successfully saved log to file!</Message>
		</Event>
	</LogEntries>
</DisplayDriverUninstaller>